{
  "vanilla": {
    "clean_acc": 0.8187500238418579,
    "delta_non_occluding": [
      0.24986775534606054,
      0.3848853721128075,
      0.48727658656166856,
      0.5463356458080123,
      0.6057873554981172
    ],
    "delta_occluding": [
      0.2239637528526604,
      0.3553318871726405,
      0.47514576384358564,
      0.4764879650092293,
      0.565632364846731
    ],
    "delta_tree": {
      "non_occluding": {
        "shape": {
          "0": 0.2043895096796005,
          "1": 0.39461100370072016,
          "2": 0.5820263815901356,
          "3": 0.6864236247929739,
          "4": 0.8345680138312673
        },
        "noise": {
          "0": 0.03140049998869639,
          "1": 0.06576883232379842,
          "2": 0.13813548141329407,
          "3": 0.191972808433,
          "4": 0.25127221000132105
        },
        "overlay": {
          "0": 0.31797893755419826,
          "1": 0.5867924601643892,
          "2": 0.718654464713668,
          "3": 0.7109561859383916,
          "4": 0.7419580171582396
        },
        "texture": {
          "0": 0.44570207416174695,
          "1": 0.492369192262322,
          "2": 0.5102900185295767,
          "3": 0.5959899640676838,
          "4": 0.5953511810016409
        }
      },
      "occluding": {
        "shape": {
          "0": 0.18982350031527523,
          "1": 0.3882277815320235,
          "2": 0.6123431837327018,
          "3": 0.5789479123347683,
          "4": 0.7381255231134276
        },
        "noise": {
          "0": 0.01806780750673622,
          "1": 0.03846709830770636,
          "2": 0.0635147711477618,
          "3": 0.11987466483607712,
          "4": 0.18068342513370617
        },
        "overlay": {
          "0": 0.2095610495071818,
          "1": 0.476978843058923,
          "2": 0.6365268469313833,
          "3": 0.6065807292857471,
          "4": 0.6992311412210341
        },
        "texture": {
          "0": 0.4784026540814484,
          "1": 0.5176538257919091,
          "2": 0.5881982535624957,
          "3": 0.6005485535803246,
          "4": 0.6444893699187559
        }
      }
    },
    "acc_xprime_tree": {
      "non_occluding": {
        "shape": {
          "0": 0.725,
          "1": 0.58125,
          "2": 0.375,
          "3": 0.275,
          "4": 0.175
        },
        "noise": {
          "0": 0.79375,
          "1": 0.79375,
          "2": 0.75,
          "3": 0.7625,
          "4": 0.675
        },
        "overlay": {
          "0": 0.6,
          "1": 0.35625,
          "2": 0.2375,
          "3": 0.28125,
          "4": 0.2
        },
        "texture": {
          "0": 0.48125,
          "1": 0.45,
          "2": 0.4375,
          "3": 0.33125,
          "4": 0.3625
        }
      },
      "occluding": {
        "shape": {
          "0": 0.73125,
          "1": 0.55,
          "2": 0.3625,
          "3": 0.3875,
          "4": 0.25625
        },
        "noise": {
          "0": 0.8,
          "1": 0.80625,
          "2": 0.7875,
          "3": 0.75,
          "4": 0.7375
        },
        "overlay": {
          "0": 0.675,
          "1": 0.49375,
          "2": 0.34375,
          "3": 0.40625,
          "4": 0.3
        },
        "texture": {
          "0": 0.44375,
          "1": 0.43125,
          "2": 0.38125,
          "3": 0.38125,
          "4": 0.325
        }
      }
    }
  },
  "robust": {
    "clean_acc": 0.7124999761581421,
    "delta_non_occluding": [
      0.00609005407847734,
      0.010954841166853843,
      0.01275501858872078,
      0.01366324255208706,
      0.027248056459167017
    ],
    "delta_occluding": [
      0.2993269108272754,
      0.4307997700091537,
      0.5151646682065425,
      0.5062379049494543,
      0.5637505150267181
    ],
    "delta_tree": {
      "non_occluding": {
        "shape": {
          "0": 0.0032726000498960657,
          "1": 0.008226879980858906,
          "2": 0.012034777130388918,
          "3": 0.01243745686273293,
          "4": 0.02878841911260368
        },
        "noise": {
          "0": 0.0026407472610183625,
          "1": 0.005972549159742348,
          "2": 0.006689402338526734,
          "3": 0.011818357868309665,
          "4": 0.013173407347416784
        },
        "overlay": {
          "0": 0.00872078472092341,
          "1": 0.016086863912905782,
          "2": 0.02029504990228121,
          "3": 0.02087056713260907,
          "4": 0.050655657366122854
        },
        "texture": {
          "0": 0.00972608428207152,
          "1": 0.013533071613908331,
          "2": 0.01200084498368625,
          "3": 0.009526588344696569,
          "4": 0.016374742010524752
        }
      },
      "occluding": {
        "shape": {
          "0": 0.3595834643572659,
          "1": 0.532411897566379,
          "2": 0.579151989467963,
          "3": 0.5164517228141128,
          "4": 0.5543266809003894
        },
        "noise": {
          "0": 0.04447674277865884,
          "1": 0.10977360039941517,
          "2": 0.27057542692424563,
          "3": 0.3547046850363734,
          "4": 0.5000464172054588
        },
        "overlay": {
          "0": 0.1853486901027705,
          "1": 0.521821464730623,
          "2": 0.6095815539108833,
          "3": 0.5894610480253508,
          "4": 0.6169367329400087
        },
        "texture": {
          "0": 0.6078987460704064,
          "1": 0.5591921173401976,
          "2": 0.6013497025230778,
          "3": 0.56433416392198,
          "4": 0.5836922290610154
        }
      }
    },
    "acc_xprime_tree": {
      "non_occluding": {
        "shape": {
          "0": 0.70625,
          "1": 0.7125,
          "2": 0.7125,
          "3": 0.70625,
          "4": 0.71875
        },
        "noise": {
          "0": 0.7125,
          "1": 0.70625,
          "2": 0.7125,
          "3": 0.70625,
          "4": 0.7
        },
        "overlay": {
          "0": 0.70625,
          "1": 0.70625,
          "2": 0.70625,
          "3": 0.7,
          "4": 0.675
        },
        "texture": {
          "0": 0.70625,
          "1": 0.7125,
          "2": 0.70625,
          "3": 0.7,
          "4": 0.70625
        }
      },
      "occluding": {
        "shape": {
          "0": 0.5375,
          "1": 0.39375,
          "2": 0.36875,
          "3": 0.4375,
          "4": 0.36875
        },
        "noise": {
          "0": 0.68125,
          "1": 0.69375,
          "2": 0.59375,
          "3": 0.51875,
          "4": 0.4125
        },
        "overlay": {
          "0": 0.64375,
          "1": 0.38125,
          "2": 0.34375,
          "3": 0.35,
          "4": 0.29375
        },
        "texture": {
          "0": 0.35,
          "1": 0.36875,
          "2": 0.36875,
          "3": 0.375,
          "4": 0.35625
        }
      }
    }
  }
}